{
  "total": 6,
  "avg_detection_count": 46.833333333333336,
  "quality_counts": {
    "high": 6
  },
  "board_match_accuracy": 0.16666666666666666
}